path,anneal_temperature,anneal_time,anneal_time_unit,cool_method,magnification,primary_microconstituent,filename,full_path,file_exists
micrograph1435.png,970,5,M,FC,4910X,spheroidite+widmanstatten,Croppedmicrograph1435.png,C:\Users\hp\Downloads\archive\For Training\Cropped\Croppedmicrograph1435.png,True
micrograph1018.png,970,90,M,Q,1964X,spheroidite,Croppedmicrograph1018.png,C:\Users\hp\Downloads\archive\For Training\Cropped\Croppedmicrograph1018.png,True
micrograph1571.png,970,24,H,Q,1964X,spheroidite,Croppedmicrograph1571.png,C:\Users\hp\Downloads\archive\For Training\Cropped\Croppedmicrograph1571.png,True
micrograph375.png,970,5,M,FC,9820X,spheroidite,Croppedmicrograph375.png,C:\Users\hp\Downloads\archive\For Training\Cropped\Croppedmicrograph375.png,True
micrograph1633.png,970,3,H,Q,1964X,spheroidite,Croppedmicrograph1633.png,C:\Users\hp\Downloads\archive\For Training\Cropped\Croppedmicrograph1633.png,True
micrograph679.png,900,90,M,Q,4910X,spheroidite,Croppedmicrograph679.png,C:\Users\hp\Downloads\archive\For Training\Cropped\Croppedmicrograph679.png,True
micrograph124.png,800,3,H,Q,1964X,spheroidite,Croppedmicrograph124.png,C:\Users\hp\Downloads\archive\For Training\Cropped\Croppedmicrograph124.png,True
micrograph104.png,970,90,M,AR,982x,spheroidite,Croppedmicrograph104.png,C:\Users\hp\Downloads\archive\For Training\Cropped\Croppedmicrograph104.png,True
micrograph1337.png,800,85,H,Q,4910X,spheroidite,Croppedmicrograph1337.png,C:\Users\hp\Downloads\archive\For Training\Cropped\Croppedmicrograph1337.png,True
micrograph1045.png,970,24,H,Q,1964X,spheroidite,Croppedmicrograph1045.png,C:\Users\hp\Downloads\archive\For Training\Cropped\Croppedmicrograph1045.png,True
micrograph1199.png,970,90,M,Q,3437X,spheroidite,Croppedmicrograph1199.png,C:\Users\hp\Downloads\archive\For Training\Cropped\Croppedmicrograph1199.png,True
micrograph659.png,800,5,M,Q,98x,network,Croppedmicrograph659.png,C:\Users\hp\Downloads\archive\For Training\Cropped\Croppedmicrograph659.png,True
micrograph1580.png,800,85,H,Q,1964X,spheroidite,Croppedmicrograph1580.png,C:\Users\hp\Downloads\archive\For Training\Cropped\Croppedmicrograph1580.png,True
micrograph367.png,800,85,H,Q,1964X,spheroidite,Croppedmicrograph367.png,C:\Users\hp\Downloads\archive\For Training\Cropped\Croppedmicrograph367.png,True
micrograph2.png,800,85,H,Q,1964X,spheroidite,Croppedmicrograph2.png,C:\Users\hp\Downloads\archive\For Training\Cropped\Croppedmicrograph2.png,True
micrograph495.png,970,3,H,Q,982x,spheroidite,Croppedmicrograph495.png,C:\Users\hp\Downloads\archive\For Training\Cropped\Croppedmicrograph495.png,True
micrograph86.png,970,3,H,Q,118x,network,Croppedmicrograph86.png,C:\Users\hp\Downloads\archive\For Training\Cropped\Croppedmicrograph86.png,True
micrograph1356.png,800,8,H,Q,1964X,spheroidite,Croppedmicrograph1356.png,C:\Users\hp\Downloads\archive\For Training\Cropped\Croppedmicrograph1356.png,True
micrograph1129.png,970,90,M,Q,491x,spheroidite+widmanstatten,Croppedmicrograph1129.png,C:\Users\hp\Downloads\archive\For Training\Cropped\Croppedmicrograph1129.png,True
micrograph858.png,800,8,H,Q,4910X,spheroidite,Croppedmicrograph858.png,C:\Users\hp\Downloads\archive\For Training\Cropped\Croppedmicrograph858.png,True
micrograph906.png,900,24,H,Q,982x,spheroidite,Croppedmicrograph906.png,C:\Users\hp\Downloads\archive\For Training\Cropped\Croppedmicrograph906.png,True
micrograph1092.png,800,3,H,Q,982x,spheroidite,Croppedmicrograph1092.png,C:\Users\hp\Downloads\archive\For Training\Cropped\Croppedmicrograph1092.png,True
micrograph1136.png,970,8,H,Q,3437X,spheroidite,Croppedmicrograph1136.png,C:\Users\hp\Downloads\archive\For Training\Cropped\Croppedmicrograph1136.png,True
micrograph314.png,970,5,M,FC,2455X,spheroidite+widmanstatten,Croppedmicrograph314.png,C:\Users\hp\Downloads\archive\For Training\Cropped\Croppedmicrograph314.png,True
micrograph1411.png,800,24,H,Q,982x,spheroidite,Croppedmicrograph1411.png,C:\Users\hp\Downloads\archive\For Training\Cropped\Croppedmicrograph1411.png,True
micrograph626.png,970,90,M,FC,98X,network,Croppedmicrograph626.png,C:\Users\hp\Downloads\archive\For Training\Cropped\Croppedmicrograph626.png,True
micrograph873.png,900,90,M,Q,982x,spheroidite+widmanstatten,Croppedmicrograph873.png,C:\Users\hp\Downloads\archive\For Training\Cropped\Croppedmicrograph873.png,True
micrograph1265.png,800,8,H,Q,4910X,spheroidite,Croppedmicrograph1265.png,C:\Users\hp\Downloads\archive\For Training\Cropped\Croppedmicrograph1265.png,True
micrograph24.png,970,90,M,Q,98x,network,Croppedmicrograph24.png,C:\Users\hp\Downloads\archive\For Training\Cropped\Croppedmicrograph24.png,True
micrograph1603.png,970,3,H,Q,98x,network,Croppedmicrograph1603.png,C:\Users\hp\Downloads\archive\For Training\Cropped\Croppedmicrograph1603.png,True
micrograph489.png,970,90,M,Q,,spheroidite,Croppedmicrograph489.png,C:\Users\hp\Downloads\archive\For Training\Cropped\Croppedmicrograph489.png,True
micrograph1015.png,800,8,H,Q,4910X,spheroidite,Croppedmicrograph1015.png,C:\Users\hp\Downloads\archive\For Training\Cropped\Croppedmicrograph1015.png,True
micrograph257.png,970,24,H,Q,638x,spheroidite,Croppedmicrograph257.png,C:\Users\hp\Downloads\archive\For Training\Cropped\Croppedmicrograph257.png,True
micrograph1677.png,970,3,H,Q,1964X,spheroidite,Croppedmicrograph1677.png,C:\Users\hp\Downloads\archive\For Training\Cropped\Croppedmicrograph1677.png,True
micrograph231.png,900,3,H,Q,982x,spheroidite,Croppedmicrograph231.png,C:\Users\hp\Downloads\archive\For Training\Cropped\Croppedmicrograph231.png,True
micrograph233.png,800,3,H,Q,982x,spheroidite+widmanstatten,Croppedmicrograph233.png,C:\Users\hp\Downloads\archive\For Training\Cropped\Croppedmicrograph233.png,True
micrograph76.png,800,24,H,Q,1964X,spheroidite,Croppedmicrograph76.png,C:\Users\hp\Downloads\archive\For Training\Cropped\Croppedmicrograph76.png,True
micrograph1109.png,900,90,M,Q,98x,network,Croppedmicrograph1109.png,C:\Users\hp\Downloads\archive\For Training\Cropped\Croppedmicrograph1109.png,True
micrograph598.png,900,90,M,Q,982x,spheroidite,Croppedmicrograph598.png,C:\Users\hp\Downloads\archive\For Training\Cropped\Croppedmicrograph598.png,True
micrograph687.png,970,24,H,Q,98X,network,Croppedmicrograph687.png,C:\Users\hp\Downloads\archive\For Training\Cropped\Croppedmicrograph687.png,True
micrograph382.png,800,24,H,Q,1964X,spheroidite,Croppedmicrograph382.png,C:\Users\hp\Downloads\archive\For Training\Cropped\Croppedmicrograph382.png,True
micrograph133.png,1000,5,M,Q,98X,network,Croppedmicrograph133.png,C:\Users\hp\Downloads\archive\For Training\Cropped\Croppedmicrograph133.png,True
micrograph1017.png,900,3,H,Q,982x,spheroidite,Croppedmicrograph1017.png,C:\Users\hp\Downloads\archive\For Training\Cropped\Croppedmicrograph1017.png,True
micrograph1257.png,900,3,H,Q,1178X,spheroidite,Croppedmicrograph1257.png,C:\Users\hp\Downloads\archive\For Training\Cropped\Croppedmicrograph1257.png,True
micrograph1579.png,900,90,M,Q,1964X,spheroidite,Croppedmicrograph1579.png,C:\Users\hp\Downloads\archive\For Training\Cropped\Croppedmicrograph1579.png,True
micrograph776.png,970,90,M,Q,4910X,spheroidite,Croppedmicrograph776.png,C:\Users\hp\Downloads\archive\For Training\Cropped\Croppedmicrograph776.png,True
micrograph1006.png,900,90,M,Q,4910X,spheroidite,Croppedmicrograph1006.png,C:\Users\hp\Downloads\archive\For Training\Cropped\Croppedmicrograph1006.png,True
micrograph376.png,800,8,H,Q,4910X,spheroidite,Croppedmicrograph376.png,C:\Users\hp\Downloads\archive\For Training\Cropped\Croppedmicrograph376.png,True
micrograph1415.png,900,3,H,Q,1964X,spheroidite+widmanstatten,Croppedmicrograph1415.png,C:\Users\hp\Downloads\archive\For Training\Cropped\Croppedmicrograph1415.png,True
micrograph633.png,800,3,H,Q,1964X,spheroidite,Croppedmicrograph633.png,C:\Users\hp\Downloads\archive\For Training\Cropped\Croppedmicrograph633.png,True
micrograph1285.png,800,85,H,Q,982x,spheroidite,Croppedmicrograph1285.png,C:\Users\hp\Downloads\archive\For Training\Cropped\Croppedmicrograph1285.png,True
micrograph53.png,970,90,M,Q,1964X,spheroidite,Croppedmicrograph53.png,C:\Users\hp\Downloads\archive\For Training\Cropped\Croppedmicrograph53.png,True
micrograph705.png,800,85,H,Q,982x,spheroidite,Croppedmicrograph705.png,C:\Users\hp\Downloads\archive\For Training\Cropped\Croppedmicrograph705.png,True
micrograph32.png,970,24,H,Q,982x,spheroidite,Croppedmicrograph32.png,C:\Users\hp\Downloads\archive\For Training\Cropped\Croppedmicrograph32.png,True
micrograph221.png,970,5,M,FC,1473X,spheroidite+widmanstatten,Croppedmicrograph221.png,C:\Users\hp\Downloads\archive\For Training\Cropped\Croppedmicrograph221.png,True
micrograph1583.png,970,90,M,FC,98X,network,Croppedmicrograph1583.png,C:\Users\hp\Downloads\archive\For Training\Cropped\Croppedmicrograph1583.png,True
micrograph326.png,970,8,H,Q,3437X,spheroidite,Croppedmicrograph326.png,C:\Users\hp\Downloads\archive\For Training\Cropped\Croppedmicrograph326.png,True
micrograph1164.png,970,90,M,FC,982x,spheroidite,Croppedmicrograph1164.png,C:\Users\hp\Downloads\archive\For Training\Cropped\Croppedmicrograph1164.png,True
micrograph1201.png,970,24,H,Q,3437x,spheroidite,Croppedmicrograph1201.png,C:\Users\hp\Downloads\archive\For Training\Cropped\Croppedmicrograph1201.png,True
micrograph998.png,800,8,H,Q,,spheroidite,Croppedmicrograph998.png,C:\Users\hp\Downloads\archive\For Training\Cropped\Croppedmicrograph998.png,True
micrograph402.png,970,24,H,Q,1964X,spheroidite,Croppedmicrograph402.png,C:\Users\hp\Downloads\archive\For Training\Cropped\Croppedmicrograph402.png,True
micrograph148.png,900,90,M,Q,3437x,spheroidite,Croppedmicrograph148.png,C:\Users\hp\Downloads\archive\For Training\Cropped\Croppedmicrograph148.png,True
micrograph48.png,800,90,M,Q,1964X,spheroidite,Croppedmicrograph48.png,C:\Users\hp\Downloads\archive\For Training\Cropped\Croppedmicrograph48.png,True
micrograph477.png,1000,5,M,Q,786x,spheroidite+widmanstatten,Croppedmicrograph477.png,C:\Users\hp\Downloads\archive\For Training\Cropped\Croppedmicrograph477.png,True
micrograph195.png,970,90,M,AR,4910X,spheroidite,Croppedmicrograph195.png,C:\Users\hp\Downloads\archive\For Training\Cropped\Croppedmicrograph195.png,True
micrograph1239.png,970,5,M,Q,1964X,spheroidite,Croppedmicrograph1239.png,C:\Users\hp\Downloads\archive\For Training\Cropped\Croppedmicrograph1239.png,True
micrograph1710.png,970,90,M,FC,98x,network,Croppedmicrograph1710.png,C:\Users\hp\Downloads\archive\For Training\Cropped\Croppedmicrograph1710.png,True
micrograph1309.png,970,8,H,Q,98X,network,Croppedmicrograph1309.png,C:\Users\hp\Downloads\archive\For Training\Cropped\Croppedmicrograph1309.png,True
micrograph734.png,900,24,H,Q,982x,spheroidite,Croppedmicrograph734.png,C:\Users\hp\Downloads\archive\For Training\Cropped\Croppedmicrograph734.png,True
micrograph1321.png,970,24,H,Q,98x,network,Croppedmicrograph1321.png,C:\Users\hp\Downloads\archive\For Training\Cropped\Croppedmicrograph1321.png,True
micrograph1726.png,970,5,M,FC,3437X,spheroidite+widmanstatten,Croppedmicrograph1726.png,C:\Users\hp\Downloads\archive\For Training\Cropped\Croppedmicrograph1726.png,True
micrograph138.png,970,48,H,Q,491x,spheroidite,Croppedmicrograph138.png,C:\Users\hp\Downloads\archive\For Training\Cropped\Croppedmicrograph138.png,True
micrograph881.png,970,90,M,Q,1473X,spheroidite+widmanstatten,Croppedmicrograph881.png,C:\Users\hp\Downloads\archive\For Training\Cropped\Croppedmicrograph881.png,True
micrograph1581.png,970,90,M,Q,982x,spheroidite,Croppedmicrograph1581.png,C:\Users\hp\Downloads\archive\For Training\Cropped\Croppedmicrograph1581.png,True
micrograph1667.png,970,90,M,Q,3437X,spheroidite,Croppedmicrograph1667.png,C:\Users\hp\Downloads\archive\For Training\Cropped\Croppedmicrograph1667.png,True
micrograph319.png,970,3,H,Q,1964X,spheroidite,Croppedmicrograph319.png,C:\Users\hp\Downloads\archive\For Training\Cropped\Croppedmicrograph319.png,True
micrograph160.png,970,8,H,Q,1473X,spheroidite,Croppedmicrograph160.png,C:\Users\hp\Downloads\archive\For Training\Cropped\Croppedmicrograph160.png,True
micrograph865.png,970,90,M,FC,246x,network,Croppedmicrograph865.png,C:\Users\hp\Downloads\archive\For Training\Cropped\Croppedmicrograph865.png,True
micrograph312.png,800,8,H,Q,982x,spheroidite,Croppedmicrograph312.png,C:\Users\hp\Downloads\archive\For Training\Cropped\Croppedmicrograph312.png,True
micrograph678.png,800,85,H,Q,1964X,spheroidite,Croppedmicrograph678.png,C:\Users\hp\Downloads\archive\For Training\Cropped\Croppedmicrograph678.png,True
micrograph1013.png,970,5,M,Q,4910X,spheroidite,Croppedmicrograph1013.png,C:\Users\hp\Downloads\archive\For Training\Cropped\Croppedmicrograph1013.png,True
micrograph330.png,800,8,H,Q,4910X,spheroidite,Croppedmicrograph330.png,C:\Users\hp\Downloads\archive\For Training\Cropped\Croppedmicrograph330.png,True
micrograph1392.png,970,24,H,Q,982x,spheroidite,Croppedmicrograph1392.png,C:\Users\hp\Downloads\archive\For Training\Cropped\Croppedmicrograph1392.png,True
micrograph1311.png,970,90,M,Q,491x,spheroidite+widmanstatten,Croppedmicrograph1311.png,C:\Users\hp\Downloads\archive\For Training\Cropped\Croppedmicrograph1311.png,True
micrograph640.png,970,8,H,Q,1473X,spheroidite+widmanstatten,Croppedmicrograph640.png,C:\Users\hp\Downloads\archive\For Training\Cropped\Croppedmicrograph640.png,True
micrograph893.png,1000,5,M,Q,1964X,spheroidite+widmanstatten,Croppedmicrograph893.png,C:\Users\hp\Downloads\archive\For Training\Cropped\Croppedmicrograph893.png,True
micrograph418.png,970,24,H,Q,1964X,spheroidite,Croppedmicrograph418.png,C:\Users\hp\Downloads\archive\For Training\Cropped\Croppedmicrograph418.png,True
micrograph35.png,970,5,M,FC,98x,network,Croppedmicrograph35.png,C:\Users\hp\Downloads\archive\For Training\Cropped\Croppedmicrograph35.png,True
micrograph411.png,970,90,M,Q,3437X,spheroidite,Croppedmicrograph411.png,C:\Users\hp\Downloads\archive\For Training\Cropped\Croppedmicrograph411.png,True
micrograph1482.png,800,3,H,Q,,spheroidite,Croppedmicrograph1482.png,C:\Users\hp\Downloads\archive\For Training\Cropped\Croppedmicrograph1482.png,True
micrograph169.png,800,85,H,Q,1964X,spheroidite,Croppedmicrograph169.png,C:\Users\hp\Downloads\archive\For Training\Cropped\Croppedmicrograph169.png,True
micrograph1558.png,970,3,H,Q,98X,network,Croppedmicrograph1558.png,C:\Users\hp\Downloads\archive\For Training\Cropped\Croppedmicrograph1558.png,True
micrograph1256.png,970,90,M,Q,1964X,spheroidite,Croppedmicrograph1256.png,C:\Users\hp\Downloads\archive\For Training\Cropped\Croppedmicrograph1256.png,True
micrograph493.png,800,85,H,Q,4910X,spheroidite,Croppedmicrograph493.png,C:\Users\hp\Downloads\archive\For Training\Cropped\Croppedmicrograph493.png,True
micrograph1020.png,800,90,M,Q,1964X,spheroidite,Croppedmicrograph1020.png,C:\Users\hp\Downloads\archive\For Training\Cropped\Croppedmicrograph1020.png,True
micrograph1522.png,970,5,M,FC,4910X,spheroidite,Croppedmicrograph1522.png,C:\Users\hp\Downloads\archive\For Training\Cropped\Croppedmicrograph1522.png,True
micrograph1159.png,970,24,H,Q,1473X,spheroidite,Croppedmicrograph1159.png,C:\Users\hp\Downloads\archive\For Training\Cropped\Croppedmicrograph1159.png,True
micrograph351.png,800,8,H,Q,982x,spheroidite,Croppedmicrograph351.png,C:\Users\hp\Downloads\archive\For Training\Cropped\Croppedmicrograph351.png,True
micrograph1028.png,800,8,H,Q,1964X,spheroidite,Croppedmicrograph1028.png,C:\Users\hp\Downloads\archive\For Training\Cropped\Croppedmicrograph1028.png,True
micrograph1272.png,800,3,H,Q,98x,network,Croppedmicrograph1272.png,C:\Users\hp\Downloads\archive\For Training\Cropped\Croppedmicrograph1272.png,True
micrograph681.png,970,8,H,Q,1964X,spheroidite,Croppedmicrograph681.png,C:\Users\hp\Downloads\archive\For Training\Cropped\Croppedmicrograph681.png,True
micrograph161.png,900,3,H,Q,1964X,spheroidite,Croppedmicrograph161.png,C:\Users\hp\Downloads\archive\For Training\Cropped\Croppedmicrograph161.png,True
micrograph343.png,970,90,M,Q,98X,network,Croppedmicrograph343.png,C:\Users\hp\Downloads\archive\For Training\Cropped\Croppedmicrograph343.png,True
micrograph707.png,970,90,M,Q,638x,spheroidite+widmanstatten,Croppedmicrograph707.png,C:\Users\hp\Downloads\archive\For Training\Cropped\Croppedmicrograph707.png,True
micrograph106.png,970,3,H,Q,1964X,spheroidite,Croppedmicrograph106.png,C:\Users\hp\Downloads\archive\For Training\Cropped\Croppedmicrograph106.png,True
micrograph1140.png,970,24,H,Q,1964X,spheroidite,Croppedmicrograph1140.png,C:\Users\hp\Downloads\archive\For Training\Cropped\Croppedmicrograph1140.png,True
micrograph220.png,800,8,H,Q,982x,spheroidite,Croppedmicrograph220.png,C:\Users\hp\Downloads\archive\For Training\Cropped\Croppedmicrograph220.png,True
micrograph30.png,900,24,H,Q,982x,spheroidite,Croppedmicrograph30.png,C:\Users\hp\Downloads\archive\For Training\Cropped\Croppedmicrograph30.png,True
micrograph200.png,970,24,H,Q,246x,spheroidite+widmanstatten,Croppedmicrograph200.png,C:\Users\hp\Downloads\archive\For Training\Cropped\Croppedmicrograph200.png,True
micrograph1516.png,970,8,H,Q,982x,spheroidite,Croppedmicrograph1516.png,C:\Users\hp\Downloads\archive\For Training\Cropped\Croppedmicrograph1516.png,True
micrograph1626.png,800,85,H,Q,4910X,spheroidite,Croppedmicrograph1626.png,C:\Users\hp\Downloads\archive\For Training\Cropped\Croppedmicrograph1626.png,True
micrograph458.png,970,90,M,Q,1473X,spheroidite,Croppedmicrograph458.png,C:\Users\hp\Downloads\archive\For Training\Cropped\Croppedmicrograph458.png,True
micrograph1446.png,970,90,M,Q,49X,network,Croppedmicrograph1446.png,C:\Users\hp\Downloads\archive\For Training\Cropped\Croppedmicrograph1446.png,True
micrograph596.png,970,5,M,Q,4910X,spheroidite,Croppedmicrograph596.png,C:\Users\hp\Downloads\archive\For Training\Cropped\Croppedmicrograph596.png,True
micrograph955.png,970,5,M,FC,3437X,spheroidite+widmanstatten,Croppedmicrograph955.png,C:\Users\hp\Downloads\archive\For Training\Cropped\Croppedmicrograph955.png,True
micrograph1273.png,970,90,M,Q,786x,spheroidite,Croppedmicrograph1273.png,C:\Users\hp\Downloads\archive\For Training\Cropped\Croppedmicrograph1273.png,True
micrograph995.png,970,5,M,FC,3437X,spheroidite,Croppedmicrograph995.png,C:\Users\hp\Downloads\archive\For Training\Cropped\Croppedmicrograph995.png,True
micrograph177.png,970,24,H,Q,1964X,spheroidite,Croppedmicrograph177.png,C:\Users\hp\Downloads\archive\For Training\Cropped\Croppedmicrograph177.png,True
micrograph1302.png,970,90,M,FC,98X,network,Croppedmicrograph1302.png,C:\Users\hp\Downloads\archive\For Training\Cropped\Croppedmicrograph1302.png,True
micrograph1440.png,970,24,H,Q,638x,spheroidite,Croppedmicrograph1440.png,C:\Users\hp\Downloads\archive\For Training\Cropped\Croppedmicrograph1440.png,True
micrograph854.png,970,24,H,Q,3437x,spheroidite,Croppedmicrograph854.png,C:\Users\hp\Downloads\archive\For Training\Cropped\Croppedmicrograph854.png,True
micrograph1189.png,970,3,H,Q,982x,spheroidite,Croppedmicrograph1189.png,C:\Users\hp\Downloads\archive\For Training\Cropped\Croppedmicrograph1189.png,True
micrograph584.png,800,90,M,Q,118x,network,Croppedmicrograph584.png,C:\Users\hp\Downloads\archive\For Training\Cropped\Croppedmicrograph584.png,True
micrograph1156.png,970,90,M,Q,491x,spheroidite+widmanstatten,Croppedmicrograph1156.png,C:\Users\hp\Downloads\archive\For Training\Cropped\Croppedmicrograph1156.png,True
micrograph463.png,900,90,M,Q,,spheroidite,Croppedmicrograph463.png,C:\Users\hp\Downloads\archive\For Training\Cropped\Croppedmicrograph463.png,True
micrograph1329.png,800,8,H,Q,1964X,spheroidite,Croppedmicrograph1329.png,C:\Users\hp\Downloads\archive\For Training\Cropped\Croppedmicrograph1329.png,True
micrograph1675.png,970,5,M,FC,7856X,spheroidite+widmanstatten,Croppedmicrograph1675.png,C:\Users\hp\Downloads\archive\For Training\Cropped\Croppedmicrograph1675.png,True
micrograph1182.png,970,24,H,Q,118x,network,Croppedmicrograph1182.png,C:\Users\hp\Downloads\archive\For Training\Cropped\Croppedmicrograph1182.png,True
micrograph296.png,800,8,H,Q,4910X,spheroidite,Croppedmicrograph296.png,C:\Users\hp\Downloads\archive\For Training\Cropped\Croppedmicrograph296.png,True
micrograph832.png,970,90,M,Q,982x,spheroidite+widmanstatten,Croppedmicrograph832.png,C:\Users\hp\Downloads\archive\For Training\Cropped\Croppedmicrograph832.png,True
micrograph601.png,800,24,H,Q,1964X,spheroidite,Croppedmicrograph601.png,C:\Users\hp\Downloads\archive\For Training\Cropped\Croppedmicrograph601.png,True
micrograph1103.png,800,85,H,Q,1964X,spheroidite,Croppedmicrograph1103.png,C:\Users\hp\Downloads\archive\For Training\Cropped\Croppedmicrograph1103.png,True
micrograph989.png,970,8,H,Q,491x,spheroidite+widmanstatten,Croppedmicrograph989.png,C:\Users\hp\Downloads\archive\For Training\Cropped\Croppedmicrograph989.png,True
micrograph1218.png,970,90,M,FC,1178X,spheroidite+widmanstatten,Croppedmicrograph1218.png,C:\Users\hp\Downloads\archive\For Training\Cropped\Croppedmicrograph1218.png,True
micrograph1196.png,800,24,H,Q,4910X,spheroidite,Croppedmicrograph1196.png,C:\Users\hp\Downloads\archive\For Training\Cropped\Croppedmicrograph1196.png,True
micrograph1447.png,900,90,M,Q,4910X,spheroidite,Croppedmicrograph1447.png,C:\Users\hp\Downloads\archive\For Training\Cropped\Croppedmicrograph1447.png,True
micrograph573.png,800,24,H,Q,4910X,spheroidite,Croppedmicrograph573.png,C:\Users\hp\Downloads\archive\For Training\Cropped\Croppedmicrograph573.png,True
micrograph60.png,970,90,M,FC,98X,network,Croppedmicrograph60.png,C:\Users\hp\Downloads\archive\For Training\Cropped\Croppedmicrograph60.png,True
micrograph888.png,970,90,M,Q,4910X,spheroidite,Croppedmicrograph888.png,C:\Users\hp\Downloads\archive\For Training\Cropped\Croppedmicrograph888.png,True
micrograph1223.png,970,90,M,Q,1964X,spheroidite,Croppedmicrograph1223.png,C:\Users\hp\Downloads\archive\For Training\Cropped\Croppedmicrograph1223.png,True
micrograph1139.png,970,8,H,Q,1964X,spheroidite,Croppedmicrograph1139.png,C:\Users\hp\Downloads\archive\For Training\Cropped\Croppedmicrograph1139.png,True
micrograph664.png,970,3,H,Q,4910X,spheroidite,Croppedmicrograph664.png,C:\Users\hp\Downloads\archive\For Training\Cropped\Croppedmicrograph664.png,True
micrograph214.png,970,5,M,FC,1964X,spheroidite+widmanstatten,Croppedmicrograph214.png,C:\Users\hp\Downloads\archive\For Training\Cropped\Croppedmicrograph214.png,True
micrograph1252.png,970,5,M,FC,3437X,spheroidite+widmanstatten,Croppedmicrograph1252.png,C:\Users\hp\Downloads\archive\For Training\Cropped\Croppedmicrograph1252.png,True
micrograph1510.png,970,3,H,Q,,network,Croppedmicrograph1510.png,C:\Users\hp\Downloads\archive\For Training\Cropped\Croppedmicrograph1510.png,True
micrograph967.png,1000,5,M,Q,11785x,spheroidite+widmanstatten,Croppedmicrograph967.png,C:\Users\hp\Downloads\archive\For Training\Cropped\Croppedmicrograph967.png,True
micrograph883.png,900,3,H,Q,1964X,spheroidite,Croppedmicrograph883.png,C:\Users\hp\Downloads\archive\For Training\Cropped\Croppedmicrograph883.png,True
micrograph1624.png,800,3,H,Q,4910X,spheroidite,Croppedmicrograph1624.png,C:\Users\hp\Downloads\archive\For Training\Cropped\Croppedmicrograph1624.png,True
micrograph936.png,800,3,H,Q,4910X,spheroidite,Croppedmicrograph936.png,C:\Users\hp\Downloads\archive\For Training\Cropped\Croppedmicrograph936.png,True
micrograph1318.png,800,8,H,Q,4910X,spheroidite,Croppedmicrograph1318.png,C:\Users\hp\Downloads\archive\For Training\Cropped\Croppedmicrograph1318.png,True
micrograph1689.png,800,85,H,Q,1964X,spheroidite,Croppedmicrograph1689.png,C:\Users\hp\Downloads\archive\For Training\Cropped\Croppedmicrograph1689.png,True
micrograph49.png,970,24,H,Q,982x,spheroidite,Croppedmicrograph49.png,C:\Users\hp\Downloads\archive\For Training\Cropped\Croppedmicrograph49.png,True
micrograph122.png,800,85,H,Q,1964X,spheroidite,Croppedmicrograph122.png,C:\Users\hp\Downloads\archive\For Training\Cropped\Croppedmicrograph122.png,True
micrograph1524.png,800,3,H,Q,982x,spheroidite,Croppedmicrograph1524.png,C:\Users\hp\Downloads\archive\For Training\Cropped\Croppedmicrograph1524.png,True
micrograph465.png,800,85,H,Q,,spheroidite,Croppedmicrograph465.png,C:\Users\hp\Downloads\archive\For Training\Cropped\Croppedmicrograph465.png,True
micrograph407.png,900,3,H,Q,1964X,spheroidite,Croppedmicrograph407.png,C:\Users\hp\Downloads\archive\For Training\Cropped\Croppedmicrograph407.png,True
micrograph915.png,970,8,H,Q,1473X,spheroidite+widmanstatten,Croppedmicrograph915.png,C:\Users\hp\Downloads\archive\For Training\Cropped\Croppedmicrograph915.png,True
micrograph699.png,800,8,H,Q,1964X,spheroidite,Croppedmicrograph699.png,C:\Users\hp\Downloads\archive\For Training\Cropped\Croppedmicrograph699.png,True
micrograph248.png,970,8,H,Q,982x,spheroidite,Croppedmicrograph248.png,C:\Users\hp\Downloads\archive\For Training\Cropped\Croppedmicrograph248.png,True
micrograph318.png,970,8,H,Q,1964X,spheroidite,Croppedmicrograph318.png,C:\Users\hp\Downloads\archive\For Training\Cropped\Croppedmicrograph318.png,True
micrograph1426.png,900,24,H,Q,982x,spheroidite,Croppedmicrograph1426.png,C:\Users\hp\Downloads\archive\For Training\Cropped\Croppedmicrograph1426.png,True
micrograph486.png,800,90,M,Q,4910x,spheroidite,Croppedmicrograph486.png,C:\Users\hp\Downloads\archive\For Training\Cropped\Croppedmicrograph486.png,True
micrograph628.png,970,90,M,Q,982x,spheroidite+widmanstatten,Croppedmicrograph628.png,C:\Users\hp\Downloads\archive\For Training\Cropped\Croppedmicrograph628.png,True
micrograph820.png,800,90,M,Q,98x,network,Croppedmicrograph820.png,C:\Users\hp\Downloads\archive\For Training\Cropped\Croppedmicrograph820.png,True
micrograph360.png,800,3,H,Q,1964X,spheroidite,Croppedmicrograph360.png,C:\Users\hp\Downloads\archive\For Training\Cropped\Croppedmicrograph360.png,True
micrograph831.png,800,85,H,Q,,spheroidite,Croppedmicrograph831.png,C:\Users\hp\Downloads\archive\For Training\Cropped\Croppedmicrograph831.png,True
micrograph738.png,970,90,M,Q,98X,network,Croppedmicrograph738.png,C:\Users\hp\Downloads\archive\For Training\Cropped\Croppedmicrograph738.png,True
micrograph440.png,970,3,H,Q,1964X,spheroidite,Croppedmicrograph440.png,C:\Users\hp\Downloads\archive\For Training\Cropped\Croppedmicrograph440.png,True
micrograph470.png,900,90,M,Q,1964X,spheroidite,Croppedmicrograph470.png,C:\Users\hp\Downloads\archive\For Training\Cropped\Croppedmicrograph470.png,True
micrograph471.png,970,90,M,Q,1178X,spheroidite+widmanstatten,Croppedmicrograph471.png,C:\Users\hp\Downloads\archive\For Training\Cropped\Croppedmicrograph471.png,True
micrograph632.png,900,90,M,Q,4910X,spheroidite,Croppedmicrograph632.png,C:\Users\hp\Downloads\archive\For Training\Cropped\Croppedmicrograph632.png,True
micrograph939.png,800,8,H,Q,1964X,spheroidite,Croppedmicrograph939.png,C:\Users\hp\Downloads\archive\For Training\Cropped\Croppedmicrograph939.png,True
micrograph1538.png,800,85,H,Q,982x,spheroidite,Croppedmicrograph1538.png,C:\Users\hp\Downloads\archive\For Training\Cropped\Croppedmicrograph1538.png,True
micrograph295.png,970,90,M,Q,982x,spheroidite+widmanstatten,Croppedmicrograph295.png,C:\Users\hp\Downloads\archive\For Training\Cropped\Croppedmicrograph295.png,True
micrograph1722.png,970,24,H,Q,1473X,spheroidite,Croppedmicrograph1722.png,C:\Users\hp\Downloads\archive\For Training\Cropped\Croppedmicrograph1722.png,True
micrograph1368.png,970,8,H,Q,1964X,spheroidite,Croppedmicrograph1368.png,C:\Users\hp\Downloads\archive\For Training\Cropped\Croppedmicrograph1368.png,True
micrograph956.png,970,24,H,Q,1964X,spheroidite,Croppedmicrograph956.png,C:\Users\hp\Downloads\archive\For Training\Cropped\Croppedmicrograph956.png,True
micrograph1049.png,970,24,H,Q,98X,network,Croppedmicrograph1049.png,C:\Users\hp\Downloads\archive\For Training\Cropped\Croppedmicrograph1049.png,True
micrograph1517.png,970,90,M,Q,3437X,spheroidite,Croppedmicrograph1517.png,C:\Users\hp\Downloads\archive\For Training\Cropped\Croppedmicrograph1517.png,True
micrograph764.png,970,8,H,Q,982x,spheroidite,Croppedmicrograph764.png,C:\Users\hp\Downloads\archive\For Training\Cropped\Croppedmicrograph764.png,True
micrograph1573.png,970,5,M,FC,638x,spheroidite+widmanstatten,Croppedmicrograph1573.png,C:\Users\hp\Downloads\archive\For Training\Cropped\Croppedmicrograph1573.png,True
micrograph1339.png,800,3,H,Q,,spheroidite,Croppedmicrograph1339.png,C:\Users\hp\Downloads\archive\For Training\Cropped\Croppedmicrograph1339.png,True
micrograph1607.png,970,90,M,AR,1964X,spheroidite,Croppedmicrograph1607.png,C:\Users\hp\Downloads\archive\For Training\Cropped\Croppedmicrograph1607.png,True
micrograph565.png,800,3,H,Q,4910X,spheroidite,Croppedmicrograph565.png,C:\Users\hp\Downloads\archive\For Training\Cropped\Croppedmicrograph565.png,True
micrograph178.png,970,24,H,Q,1964X,spheroidite,Croppedmicrograph178.png,C:\Users\hp\Downloads\archive\For Training\Cropped\Croppedmicrograph178.png,True
micrograph265.png,800,24,H,Q,1964X,spheroidite,Croppedmicrograph265.png,C:\Users\hp\Downloads\archive\For Training\Cropped\Croppedmicrograph265.png,True
micrograph914.png,970,8,H,Q,982x,spheroidite,Croppedmicrograph914.png,C:\Users\hp\Downloads\archive\For Training\Cropped\Croppedmicrograph914.png,True
micrograph1207.png,970,90,M,FC,246x,spheroidite,Croppedmicrograph1207.png,C:\Users\hp\Downloads\archive\For Training\Cropped\Croppedmicrograph1207.png,True
micrograph383.png,970,90,M,AR,98X,network,Croppedmicrograph383.png,C:\Users\hp\Downloads\archive\For Training\Cropped\Croppedmicrograph383.png,True
micrograph1468.png,970,3,H,Q,98x,network,Croppedmicrograph1468.png,C:\Users\hp\Downloads\archive\For Training\Cropped\Croppedmicrograph1468.png,True
micrograph398.png,970,24,H,Q,982x,spheroidite,Croppedmicrograph398.png,C:\Users\hp\Downloads\archive\For Training\Cropped\Croppedmicrograph398.png,True
micrograph689.png,970,8,H,Q,1964X,spheroidite,Croppedmicrograph689.png,C:\Users\hp\Downloads\archive\For Training\Cropped\Croppedmicrograph689.png,True
micrograph1162.png,700,5,M,Q,118x,network,Croppedmicrograph1162.png,C:\Users\hp\Downloads\archive\For Training\Cropped\Croppedmicrograph1162.png,True
micrograph271.png,900,90,M,Q,1964X,spheroidite,Croppedmicrograph271.png,C:\Users\hp\Downloads\archive\For Training\Cropped\Croppedmicrograph271.png,True
micrograph728.png,700,5,M,Q,49X,network,Croppedmicrograph728.png,C:\Users\hp\Downloads\archive\For Training\Cropped\Croppedmicrograph728.png,True
micrograph1180.png,970,8,H,Q,982x,spheroidite,Croppedmicrograph1180.png,C:\Users\hp\Downloads\archive\For Training\Cropped\Croppedmicrograph1180.png,True
micrograph1456.png,970,90,M,Q,3437X,spheroidite,Croppedmicrograph1456.png,C:\Users\hp\Downloads\archive\For Training\Cropped\Croppedmicrograph1456.png,True
micrograph683.png,800,85,H,Q,4910X,spheroidite,Croppedmicrograph683.png,C:\Users\hp\Downloads\archive\For Training\Cropped\Croppedmicrograph683.png,True
micrograph947.png,970,8,H,Q,982x,spheroidite,Croppedmicrograph947.png,C:\Users\hp\Downloads\archive\For Training\Cropped\Croppedmicrograph947.png,True
micrograph1288.png,970,24,H,Q,786x,spheroidite,Croppedmicrograph1288.png,C:\Users\hp\Downloads\archive\For Training\Cropped\Croppedmicrograph1288.png,True
micrograph970.png,900,24,H,Q,982x,spheroidite,Croppedmicrograph970.png,C:\Users\hp\Downloads\archive\For Training\Cropped\Croppedmicrograph970.png,True
micrograph745.png,970,90,M,AR,1473X,spheroidite,Croppedmicrograph745.png,C:\Users\hp\Downloads\archive\For Training\Cropped\Croppedmicrograph745.png,True
micrograph641.png,800,8,H,Q,1964X,spheroidite,Croppedmicrograph641.png,C:\Users\hp\Downloads\archive\For Training\Cropped\Croppedmicrograph641.png,True
micrograph488.png,800,85,H,Q,982x,spheroidite+widmanstatten,Croppedmicrograph488.png,C:\Users\hp\Downloads\archive\For Training\Cropped\Croppedmicrograph488.png,True
micrograph368.png,970,3,H,Q,147x,network,Croppedmicrograph368.png,C:\Users\hp\Downloads\archive\For Training\Cropped\Croppedmicrograph368.png,True
micrograph599.png,970,90,M,Q,982x,spheroidite+widmanstatten,Croppedmicrograph599.png,C:\Users\hp\Downloads\archive\For Training\Cropped\Croppedmicrograph599.png,True
micrograph1128.png,970,3,H,Q,98X,network,Croppedmicrograph1128.png,C:\Users\hp\Downloads\archive\For Training\Cropped\Croppedmicrograph1128.png,True
micrograph736.png,970,24,H,Q,1964X,spheroidite,Croppedmicrograph736.png,C:\Users\hp\Downloads\archive\For Training\Cropped\Croppedmicrograph736.png,True
micrograph222.png,970,5,M,FC,1473X,spheroidite+widmanstatten,Croppedmicrograph222.png,C:\Users\hp\Downloads\archive\For Training\Cropped\Croppedmicrograph222.png,True
micrograph337.png,970,3,H,Q,1473X,spheroidite,Croppedmicrograph337.png,C:\Users\hp\Downloads\archive\For Training\Cropped\Croppedmicrograph337.png,True
micrograph1694.png,970,5,M,Q,4910X,spheroidite,Croppedmicrograph1694.png,C:\Users\hp\Downloads\archive\For Training\Cropped\Croppedmicrograph1694.png,True
micrograph990.png,900,90,M,Q,4910X,spheroidite,Croppedmicrograph990.png,C:\Users\hp\Downloads\archive\For Training\Cropped\Croppedmicrograph990.png,True
micrograph608.png,970,24,H,Q,246x,network,Croppedmicrograph608.png,C:\Users\hp\Downloads\archive\For Training\Cropped\Croppedmicrograph608.png,True
micrograph150.png,970,90,M,FC,98X,network,Croppedmicrograph150.png,C:\Users\hp\Downloads\archive\For Training\Cropped\Croppedmicrograph150.png,True
micrograph1469.png,900,3,H,Q,982x,spheroidite,Croppedmicrograph1469.png,C:\Users\hp\Downloads\archive\For Training\Cropped\Croppedmicrograph1469.png,True
micrograph451.png,970,24,H,Q,786x,spheroidite,Croppedmicrograph451.png,C:\Users\hp\Downloads\archive\For Training\Cropped\Croppedmicrograph451.png,True
micrograph1586.png,970,5,M,Q,982x,spheroidite+widmanstatten,Croppedmicrograph1586.png,C:\Users\hp\Downloads\archive\For Training\Cropped\Croppedmicrograph1586.png,True
micrograph10.png,970,8,H,Q,1964X,spheroidite,Croppedmicrograph10.png,C:\Users\hp\Downloads\archive\For Training\Cropped\Croppedmicrograph10.png,True
micrograph1707.png,800,8,H,Q,1964X,spheroidite,Croppedmicrograph1707.png,C:\Users\hp\Downloads\archive\For Training\Cropped\Croppedmicrograph1707.png,True
micrograph1232.png,900,90,M,Q,1964X,spheroidite,Croppedmicrograph1232.png,C:\Users\hp\Downloads\archive\For Training\Cropped\Croppedmicrograph1232.png,True
micrograph746.png,970,8,H,Q,1473X,spheroidite,Croppedmicrograph746.png,C:\Users\hp\Downloads\archive\For Training\Cropped\Croppedmicrograph746.png,True
micrograph156.png,970,24,H,Q,1964X,spheroidite,Croppedmicrograph156.png,C:\Users\hp\Downloads\archive\For Training\Cropped\Croppedmicrograph156.png,True
micrograph615.png,970,90,M,AR,,network,Croppedmicrograph615.png,C:\Users\hp\Downloads\archive\For Training\Cropped\Croppedmicrograph615.png,True
micrograph42.png,800,3,H,Q,98X,network,Croppedmicrograph42.png,C:\Users\hp\Downloads\archive\For Training\Cropped\Croppedmicrograph42.png,True
micrograph437.png,800,8,H,Q,1964X,spheroidite,Croppedmicrograph437.png,C:\Users\hp\Downloads\archive\For Training\Cropped\Croppedmicrograph437.png,True
micrograph639.png,900,90,M,Q,3437x,spheroidite,Croppedmicrograph639.png,C:\Users\hp\Downloads\archive\For Training\Cropped\Croppedmicrograph639.png,True
micrograph921.png,970,90,M,AR,98x,network,Croppedmicrograph921.png,C:\Users\hp\Downloads\archive\For Training\Cropped\Croppedmicrograph921.png,True
micrograph113.png,800,3,H,Q,98X,network,Croppedmicrograph113.png,C:\Users\hp\Downloads\archive\For Training\Cropped\Croppedmicrograph113.png,True
micrograph931.png,970,24,H,Q,982x,spheroidite,Croppedmicrograph931.png,C:\Users\hp\Downloads\archive\For Training\Cropped\Croppedmicrograph931.png,True
micrograph173.png,970,3,H,Q,98x,network,Croppedmicrograph173.png,C:\Users\hp\Downloads\archive\For Training\Cropped\Croppedmicrograph173.png,True
micrograph1551.png,970,5,M,Q,1178X,spheroidite+widmanstatten,Croppedmicrograph1551.png,C:\Users\hp\Downloads\archive\For Training\Cropped\Croppedmicrograph1551.png,True
micrograph1608.png,900,24,H,Q,982x,spheroidite,Croppedmicrograph1608.png,C:\Users\hp\Downloads\archive\For Training\Cropped\Croppedmicrograph1608.png,True
micrograph935.png,900,90,M,Q,982x,spheroidite+widmanstatten,Croppedmicrograph935.png,C:\Users\hp\Downloads\archive\For Training\Cropped\Croppedmicrograph935.png,True
micrograph841.png,970,90,M,AR,98X,network,Croppedmicrograph841.png,C:\Users\hp\Downloads\archive\For Training\Cropped\Croppedmicrograph841.png,True
micrograph1536.png,800,8,H,Q,4910X,spheroidite,Croppedmicrograph1536.png,C:\Users\hp\Downloads\archive\For Training\Cropped\Croppedmicrograph1536.png,True
micrograph1075.png,970,24,H,Q,98X,network,Croppedmicrograph1075.png,C:\Users\hp\Downloads\archive\For Training\Cropped\Croppedmicrograph1075.png,True
micrograph772.png,800,85,H,Q,1964X,spheroidite,Croppedmicrograph772.png,C:\Users\hp\Downloads\archive\For Training\Cropped\Croppedmicrograph772.png,True
micrograph530.png,970,24,H,Q,982x,spheroidite,Croppedmicrograph530.png,C:\Users\hp\Downloads\archive\For Training\Cropped\Croppedmicrograph530.png,True
micrograph1093.png,970,5,M,Q,1964X,spheroidite+widmanstatten,Croppedmicrograph1093.png,C:\Users\hp\Downloads\archive\For Training\Cropped\Croppedmicrograph1093.png,True
micrograph1565.png,970,90,M,AR,79x,network,Croppedmicrograph1565.png,C:\Users\hp\Downloads\archive\For Training\Cropped\Croppedmicrograph1565.png,True
micrograph597.png,970,3,H,Q,98x,network,Croppedmicrograph597.png,C:\Users\hp\Downloads\archive\For Training\Cropped\Croppedmicrograph597.png,True
micrograph8.png,970,90,M,FC,,network,Croppedmicrograph8.png,C:\Users\hp\Downloads\archive\For Training\Cropped\Croppedmicrograph8.png,True
micrograph1367.png,970,5,M,FC,1964X,spheroidite+widmanstatten,Croppedmicrograph1367.png,C:\Users\hp\Downloads\archive\For Training\Cropped\Croppedmicrograph1367.png,True
micrograph391.png,800,3,H,Q,1964X,spheroidite,Croppedmicrograph391.png,C:\Users\hp\Downloads\archive\For Training\Cropped\Croppedmicrograph391.png,True
micrograph333.png,970,90,M,Q,,spheroidite+widmanstatten,Croppedmicrograph333.png,C:\Users\hp\Downloads\archive\For Training\Cropped\Croppedmicrograph333.png,True
micrograph209.png,970,90,M,AR,4910X,spheroidite,Croppedmicrograph209.png,C:\Users\hp\Downloads\archive\For Training\Cropped\Croppedmicrograph209.png,True
micrograph1457.png,970,90,M,AR,491x,spheroidite,Croppedmicrograph1457.png,C:\Users\hp\Downloads\archive\For Training\Cropped\Croppedmicrograph1457.png,True
micrograph443.png,970,90,M,Q,1964X,spheroidite,Croppedmicrograph443.png,C:\Users\hp\Downloads\archive\For Training\Cropped\Croppedmicrograph443.png,True
micrograph1651.png,970,3,H,Q,982x,spheroidite,Croppedmicrograph1651.png,C:\Users\hp\Downloads\archive\For Training\Cropped\Croppedmicrograph1651.png,True
micrograph1394.png,970,3,H,Q,98X,network,Croppedmicrograph1394.png,C:\Users\hp\Downloads\archive\For Training\Cropped\Croppedmicrograph1394.png,True
micrograph371.png,800,90,M,Q,98x,network,Croppedmicrograph371.png,C:\Users\hp\Downloads\archive\For Training\Cropped\Croppedmicrograph371.png,True
micrograph555.png,970,24,H,Q,982x,spheroidite,Croppedmicrograph555.png,C:\Users\hp\Downloads\archive\For Training\Cropped\Croppedmicrograph555.png,True
micrograph534.png,970,24,H,Q,982x,spheroidite,Croppedmicrograph534.png,C:\Users\hp\Downloads\archive\For Training\Cropped\Croppedmicrograph534.png,True
micrograph107.png,970,90,M,Q,1964X,spheroidite,Croppedmicrograph107.png,C:\Users\hp\Downloads\archive\For Training\Cropped\Croppedmicrograph107.png,True
micrograph408.png,970,24,H,Q,1473X,spheroidite,Croppedmicrograph408.png,C:\Users\hp\Downloads\archive\For Training\Cropped\Croppedmicrograph408.png,True
micrograph135.png,970,3,H,Q,1473X,spheroidite,Croppedmicrograph135.png,C:\Users\hp\Downloads\archive\For Training\Cropped\Croppedmicrograph135.png,True
micrograph655.png,970,24,H,Q,1473X,spheroidite,Croppedmicrograph655.png,C:\Users\hp\Downloads\archive\For Training\Cropped\Croppedmicrograph655.png,True
micrograph1379.png,970,24,H,Q,982x,spheroidite,Croppedmicrograph1379.png,C:\Users\hp\Downloads\archive\For Training\Cropped\Croppedmicrograph1379.png,True
micrograph714.png,970,90,M,Q,1964X,spheroidite,Croppedmicrograph714.png,C:\Users\hp\Downloads\archive\For Training\Cropped\Croppedmicrograph714.png,True
micrograph449.png,970,90,M,Q,4910X,spheroidite,Croppedmicrograph449.png,C:\Users\hp\Downloads\archive\For Training\Cropped\Croppedmicrograph449.png,True
micrograph464.png,900,90,M,Q,4910x,spheroidite,Croppedmicrograph464.png,C:\Users\hp\Downloads\archive\For Training\Cropped\Croppedmicrograph464.png,True
micrograph1351.png,970,90,M,Q,98x,network,Croppedmicrograph1351.png,C:\Users\hp\Downloads\archive\For Training\Cropped\Croppedmicrograph1351.png,True
micrograph1289.png,970,90,M,Q,1964X,spheroidite,Croppedmicrograph1289.png,C:\Users\hp\Downloads\archive\For Training\Cropped\Croppedmicrograph1289.png,True
micrograph1266.png,800,90,M,Q,246x,network,Croppedmicrograph1266.png,C:\Users\hp\Downloads\archive\For Training\Cropped\Croppedmicrograph1266.png,True
micrograph223.png,970,3,H,Q,1964X,spheroidite,Croppedmicrograph223.png,C:\Users\hp\Downloads\archive\For Training\Cropped\Croppedmicrograph223.png,True
micrograph1601.png,970,3,H,Q,491x,spheroidite+widmanstatten,Croppedmicrograph1601.png,C:\Users\hp\Downloads\archive\For Training\Cropped\Croppedmicrograph1601.png,True
micrograph1186.png,970,3,H,Q,982x,spheroidite,Croppedmicrograph1186.png,C:\Users\hp\Downloads\archive\For Training\Cropped\Croppedmicrograph1186.png,True
micrograph594.png,800,85,H,Q,,spheroidite,Croppedmicrograph594.png,C:\Users\hp\Downloads\archive\For Training\Cropped\Croppedmicrograph594.png,True
micrograph172.png,900,24,H,Q,1964X,spheroidite,Croppedmicrograph172.png,C:\Users\hp\Downloads\archive\For Training\Cropped\Croppedmicrograph172.png,True
micrograph643.png,800,8,H,Q,1964X,spheroidite+widmanstatten,Croppedmicrograph643.png,C:\Users\hp\Downloads\archive\For Training\Cropped\Croppedmicrograph643.png,True
micrograph646.png,970,3,H,Q,98X,network,Croppedmicrograph646.png,C:\Users\hp\Downloads\archive\For Training\Cropped\Croppedmicrograph646.png,True
micrograph1388.png,800,85,H,Q,,spheroidite,Croppedmicrograph1388.png,C:\Users\hp\Downloads\archive\For Training\Cropped\Croppedmicrograph1388.png,True
micrograph352.png,970,90,M,Q,4910X,spheroidite,Croppedmicrograph352.png,C:\Users\hp\Downloads\archive\For Training\Cropped\Croppedmicrograph352.png,True
micrograph11.png,800,85,H,Q,1964X,spheroidite,Croppedmicrograph11.png,C:\Users\hp\Downloads\archive\For Training\Cropped\Croppedmicrograph11.png,True
micrograph396.png,970,24,H,Q,98X,network,Croppedmicrograph396.png,C:\Users\hp\Downloads\archive\For Training\Cropped\Croppedmicrograph396.png,True
micrograph974.png,970,24,H,Q,1473X,spheroidite+widmanstatten,Croppedmicrograph974.png,C:\Users\hp\Downloads\archive\For Training\Cropped\Croppedmicrograph974.png,True
micrograph1202.png,970,24,H,Q,982x,spheroidite,Croppedmicrograph1202.png,C:\Users\hp\Downloads\archive\For Training\Cropped\Croppedmicrograph1202.png,True
micrograph18.png,970,8,H,Q,98X,network,Croppedmicrograph18.png,C:\Users\hp\Downloads\archive\For Training\Cropped\Croppedmicrograph18.png,True
micrograph670.png,800,8,H,Q,1964X,spheroidite,Croppedmicrograph670.png,C:\Users\hp\Downloads\archive\For Training\Cropped\Croppedmicrograph670.png,True
micrograph566.png,970,3,H,Q,1964X,spheroidite,Croppedmicrograph566.png,C:\Users\hp\Downloads\archive\For Training\Cropped\Croppedmicrograph566.png,True
micrograph518.png,970,3,H,Q,49X,network,Croppedmicrograph518.png,C:\Users\hp\Downloads\archive\For Training\Cropped\Croppedmicrograph518.png,True
micrograph579.png,970,3,H,Q,982x,spheroidite+widmanstatten,Croppedmicrograph579.png,C:\Users\hp\Downloads\archive\For Training\Cropped\Croppedmicrograph579.png,True
micrograph229.png,970,3,H,Q,98X,network,Croppedmicrograph229.png,C:\Users\hp\Downloads\archive\For Training\Cropped\Croppedmicrograph229.png,True
micrograph403.png,700,5,M,Q,64x,network,Croppedmicrograph403.png,C:\Users\hp\Downloads\archive\For Training\Cropped\Croppedmicrograph403.png,True
micrograph1167.png,800,90,M,Q,982x,spheroidite,Croppedmicrograph1167.png,C:\Users\hp\Downloads\archive\For Training\Cropped\Croppedmicrograph1167.png,True
micrograph272.png,970,5,M,Q,4910X,spheroidite,Croppedmicrograph272.png,C:\Users\hp\Downloads\archive\For Training\Cropped\Croppedmicrograph272.png,True
micrograph357.png,970,24,H,Q,491x,spheroidite,Croppedmicrograph357.png,C:\Users\hp\Downloads\archive\For Training\Cropped\Croppedmicrograph357.png,True
micrograph1466.png,970,24,H,Q,1964X,spheroidite,Croppedmicrograph1466.png,C:\Users\hp\Downloads\archive\For Training\Cropped\Croppedmicrograph1466.png,True
micrograph1359.png,800,24,H,Q,982x,spheroidite,Croppedmicrograph1359.png,C:\Users\hp\Downloads\archive\For Training\Cropped\Croppedmicrograph1359.png,True
micrograph261.png,800,8,H,Q,1964X,spheroidite,Croppedmicrograph261.png,C:\Users\hp\Downloads\archive\For Training\Cropped\Croppedmicrograph261.png,True
micrograph917.png,970,3,H,Q,982x,spheroidite,Croppedmicrograph917.png,C:\Users\hp\Downloads\archive\For Training\Cropped\Croppedmicrograph917.png,True
micrograph1506.png,970,24,H,Q,1964X,spheroidite,Croppedmicrograph1506.png,C:\Users\hp\Downloads\archive\For Training\Cropped\Croppedmicrograph1506.png,True
micrograph364.png,800,8,H,Q,4910X,spheroidite,Croppedmicrograph364.png,C:\Users\hp\Downloads\archive\For Training\Cropped\Croppedmicrograph364.png,True
micrograph1193.png,970,48,H,Q,982x,spheroidite,Croppedmicrograph1193.png,C:\Users\hp\Downloads\archive\For Training\Cropped\Croppedmicrograph1193.png,True
micrograph543.png,900,3,H,Q,982x,spheroidite,Croppedmicrograph543.png,C:\Users\hp\Downloads\archive\For Training\Cropped\Croppedmicrograph543.png,True
micrograph442.png,900,90,M,Q,,spheroidite,Croppedmicrograph442.png,C:\Users\hp\Downloads\archive\For Training\Cropped\Croppedmicrograph442.png,True
micrograph642.png,970,90,M,FC,98x,network,Croppedmicrograph642.png,C:\Users\hp\Downloads\archive\For Training\Cropped\Croppedmicrograph642.png,True
micrograph1032.png,970,3,H,Q,1964X,spheroidite,Croppedmicrograph1032.png,C:\Users\hp\Downloads\archive\For Training\Cropped\Croppedmicrograph1032.png,True
micrograph243.png,970,3,H,Q,1964X,spheroidite,Croppedmicrograph243.png,C:\Users\hp\Downloads\archive\For Training\Cropped\Croppedmicrograph243.png,True
micrograph67.png,800,8,H,Q,4910X,spheroidite,Croppedmicrograph67.png,C:\Users\hp\Downloads\archive\For Training\Cropped\Croppedmicrograph67.png,True
micrograph1054.png,970,8,H,Q,1473X,spheroidite,Croppedmicrograph1054.png,C:\Users\hp\Downloads\archive\For Training\Cropped\Croppedmicrograph1054.png,True
micrograph1284.png,970,24,H,Q,982x,spheroidite,Croppedmicrograph1284.png,C:\Users\hp\Downloads\archive\For Training\Cropped\Croppedmicrograph1284.png,True
micrograph1399.png,970,90,M,FC,98X,network,Croppedmicrograph1399.png,C:\Users\hp\Downloads\archive\For Training\Cropped\Croppedmicrograph1399.png,True
micrograph1112.png,800,8,H,Q,1964X,spheroidite,Croppedmicrograph1112.png,C:\Users\hp\Downloads\archive\For Training\Cropped\Croppedmicrograph1112.png,True
micrograph1344.png,800,3,H,Q,98X,network,Croppedmicrograph1344.png,C:\Users\hp\Downloads\archive\For Training\Cropped\Croppedmicrograph1344.png,True
micrograph373.png,800,90,M,Q,4910x,spheroidite,Croppedmicrograph373.png,C:\Users\hp\Downloads\archive\For Training\Cropped\Croppedmicrograph373.png,True
micrograph205.png,900,90,M,Q,,spheroidite,Croppedmicrograph205.png,C:\Users\hp\Downloads\archive\For Training\Cropped\Croppedmicrograph205.png,True
micrograph472.png,970,24,H,Q,786x,spheroidite,Croppedmicrograph472.png,C:\Users\hp\Downloads\archive\For Training\Cropped\Croppedmicrograph472.png,True
micrograph551.png,800,24,H,Q,982x,spheroidite+widmanstatten,Croppedmicrograph551.png,C:\Users\hp\Downloads\archive\For Training\Cropped\Croppedmicrograph551.png,True
micrograph1637.png,970,24,H,Q,982x,spheroidite,Croppedmicrograph1637.png,C:\Users\hp\Downloads\archive\For Training\Cropped\Croppedmicrograph1637.png,True
micrograph98.png,900,24,H,Q,1964X,spheroidite,Croppedmicrograph98.png,C:\Users\hp\Downloads\archive\For Training\Cropped\Croppedmicrograph98.png,True
micrograph1500.png,970,5,M,FC,7856X,spheroidite+widmanstatten,Croppedmicrograph1500.png,C:\Users\hp\Downloads\archive\For Training\Cropped\Croppedmicrograph1500.png,True
micrograph710.png,800,8,H,Q,982x,spheroidite+widmanstatten,Croppedmicrograph710.png,C:\Users\hp\Downloads\archive\For Training\Cropped\Croppedmicrograph710.png,True
micrograph1389.png,970,90,M,Q,1964X,spheroidite,Croppedmicrograph1389.png,C:\Users\hp\Downloads\archive\For Training\Cropped\Croppedmicrograph1389.png,True
micrograph517.png,970,90,M,Q,1964X,spheroidite,Croppedmicrograph517.png,C:\Users\hp\Downloads\archive\For Training\Cropped\Croppedmicrograph517.png,True
micrograph1248.png,800,3,H,Q,4910X,spheroidite,Croppedmicrograph1248.png,C:\Users\hp\Downloads\archive\For Training\Cropped\Croppedmicrograph1248.png,True
micrograph867.png,900,3,H,Q,982x,spheroidite,Croppedmicrograph867.png,C:\Users\hp\Downloads\archive\For Training\Cropped\Croppedmicrograph867.png,True
micrograph1163.png,970,24,H,Q,1473X,spheroidite,Croppedmicrograph1163.png,C:\Users\hp\Downloads\archive\For Training\Cropped\Croppedmicrograph1163.png,True
micrograph607.png,970,5,M,FC,1178X,spheroidite,Croppedmicrograph607.png,C:\Users\hp\Downloads\archive\For Training\Cropped\Croppedmicrograph607.png,True
micrograph1035.png,1000,5,M,Q,49X,network,Croppedmicrograph1035.png,C:\Users\hp\Downloads\archive\For Training\Cropped\Croppedmicrograph1035.png,True
micrograph1422.png,970,90,M,Q,3437X,spheroidite,Croppedmicrograph1422.png,C:\Users\hp\Downloads\archive\For Training\Cropped\Croppedmicrograph1422.png,True
micrograph684.png,970,24,H,Q,1473X,spheroidite,Croppedmicrograph684.png,C:\Users\hp\Downloads\archive\For Training\Cropped\Croppedmicrograph684.png,True
micrograph1556.png,970,90,M,Q,,spheroidite,Croppedmicrograph1556.png,C:\Users\hp\Downloads\archive\For Training\Cropped\Croppedmicrograph1556.png,True
micrograph650.png,970,24,H,Q,786x,spheroidite+widmanstatten,Croppedmicrograph650.png,C:\Users\hp\Downloads\archive\For Training\Cropped\Croppedmicrograph650.png,True
micrograph321.png,800,3,H,Q,1964X,spheroidite,Croppedmicrograph321.png,C:\Users\hp\Downloads\archive\For Training\Cropped\Croppedmicrograph321.png,True
micrograph1188.png,800,8,H,Q,4910X,spheroidite,Croppedmicrograph1188.png,C:\Users\hp\Downloads\archive\For Training\Cropped\Croppedmicrograph1188.png,True
micrograph1280.png,970,90,M,Q,982x,spheroidite,Croppedmicrograph1280.png,C:\Users\hp\Downloads\archive\For Training\Cropped\Croppedmicrograph1280.png,True
micrograph69.png,970,90,M,FC,982x,spheroidite,Croppedmicrograph69.png,C:\Users\hp\Downloads\archive\For Training\Cropped\Croppedmicrograph69.png,True
micrograph70.png,800,3,H,Q,98x,network,Croppedmicrograph70.png,C:\Users\hp\Downloads\archive\For Training\Cropped\Croppedmicrograph70.png,True
micrograph649.png,970,90,M,FC,98x,network,Croppedmicrograph649.png,C:\Users\hp\Downloads\archive\For Training\Cropped\Croppedmicrograph649.png,True
micrograph1507.png,900,90,M,Q,4910X,spheroidite,Croppedmicrograph1507.png,C:\Users\hp\Downloads\archive\For Training\Cropped\Croppedmicrograph1507.png,True
micrograph191.png,1000,5,M,Q,1178X,spheroidite+widmanstatten,Croppedmicrograph191.png,C:\Users\hp\Downloads\archive\For Training\Cropped\Croppedmicrograph191.png,True
micrograph1183.png,970,90,M,AR,3437X,spheroidite,Croppedmicrograph1183.png,C:\Users\hp\Downloads\archive\For Training\Cropped\Croppedmicrograph1183.png,True
micrograph1483.png,970,8,H,Q,982x,spheroidite,Croppedmicrograph1483.png,C:\Users\hp\Downloads\archive\For Training\Cropped\Croppedmicrograph1483.png,True
micrograph308.png,900,24,H,Q,1964X,spheroidite,Croppedmicrograph308.png,C:\Users\hp\Downloads\archive\For Training\Cropped\Croppedmicrograph308.png,True
micrograph1176.png,970,3,H,Q,982x,spheroidite,Croppedmicrograph1176.png,C:\Users\hp\Downloads\archive\For Training\Cropped\Croppedmicrograph1176.png,True
micrograph1058.png,970,3,H,Q,982x,spheroidite,Croppedmicrograph1058.png,C:\Users\hp\Downloads\archive\For Training\Cropped\Croppedmicrograph1058.png,True
micrograph285.png,970,3,H,Q,98X,network,Croppedmicrograph285.png,C:\Users\hp\Downloads\archive\For Training\Cropped\Croppedmicrograph285.png,True
micrograph1716.png,800,85,H,Q,1964X,spheroidite,Croppedmicrograph1716.png,C:\Users\hp\Downloads\archive\For Training\Cropped\Croppedmicrograph1716.png,True
micrograph1682.png,970,8,H,Q,982x,spheroidite,Croppedmicrograph1682.png,C:\Users\hp\Downloads\archive\For Training\Cropped\Croppedmicrograph1682.png,True
micrograph1427.png,970,24,H,Q,982x,spheroidite,Croppedmicrograph1427.png,C:\Users\hp\Downloads\archive\For Training\Cropped\Croppedmicrograph1427.png,True
micrograph72.png,970,3,H,Q,98X,network,Croppedmicrograph72.png,C:\Users\hp\Downloads\archive\For Training\Cropped\Croppedmicrograph72.png,True
micrograph433.png,970,90,M,AR,491x,spheroidite+widmanstatten,Croppedmicrograph433.png,C:\Users\hp\Downloads\archive\For Training\Cropped\Croppedmicrograph433.png,True
micrograph685.png,970,24,H,Q,1473X,spheroidite,Croppedmicrograph685.png,C:\Users\hp\Downloads\archive\For Training\Cropped\Croppedmicrograph685.png,True
micrograph907.png,970,8,H,Q,982x,spheroidite,Croppedmicrograph907.png,C:\Users\hp\Downloads\archive\For Training\Cropped\Croppedmicrograph907.png,True
micrograph1693.png,970,24,H,Q,982x,spheroidite,Croppedmicrograph1693.png,C:\Users\hp\Downloads\archive\For Training\Cropped\Croppedmicrograph1693.png,True
micrograph39.png,970,5,M,FC,982x,spheroidite,Croppedmicrograph39.png,C:\Users\hp\Downloads\archive\For Training\Cropped\Croppedmicrograph39.png,True
micrograph82.png,800,24,H,Q,1964X,spheroidite,Croppedmicrograph82.png,C:\Users\hp\Downloads\archive\For Training\Cropped\Croppedmicrograph82.png,True
micrograph1672.png,800,90,M,Q,4910x,spheroidite,Croppedmicrograph1672.png,C:\Users\hp\Downloads\archive\For Training\Cropped\Croppedmicrograph1672.png,True
micrograph388.png,970,90,M,Q,1964X,spheroidite,Croppedmicrograph388.png,C:\Users\hp\Downloads\archive\For Training\Cropped\Croppedmicrograph388.png,True
micrograph184.png,800,8,H,Q,4910X,spheroidite,Croppedmicrograph184.png,C:\Users\hp\Downloads\archive\For Training\Cropped\Croppedmicrograph184.png,True
micrograph1205.png,900,90,M,Q,1964X,spheroidite,Croppedmicrograph1205.png,C:\Users\hp\Downloads\archive\For Training\Cropped\Croppedmicrograph1205.png,True
micrograph884.png,1000,5,M,Q,491x,spheroidite+widmanstatten,Croppedmicrograph884.png,C:\Users\hp\Downloads\archive\For Training\Cropped\Croppedmicrograph884.png,True
micrograph1645.png,800,24,H,Q,1964X,spheroidite,Croppedmicrograph1645.png,C:\Users\hp\Downloads\archive\For Training\Cropped\Croppedmicrograph1645.png,True
micrograph520.png,970,90,M,AR,98X,network,Croppedmicrograph520.png,C:\Users\hp\Downloads\archive\For Training\Cropped\Croppedmicrograph520.png,True
micrograph1098.png,900,90,M,Q,1964X,spheroidite,Croppedmicrograph1098.png,C:\Users\hp\Downloads\archive\For Training\Cropped\Croppedmicrograph1098.png,True
micrograph885.png,800,8,H,Q,,spheroidite,Croppedmicrograph885.png,C:\Users\hp\Downloads\archive\For Training\Cropped\Croppedmicrograph885.png,True
micrograph545.png,900,90,M,Q,118x,network,Croppedmicrograph545.png,C:\Users\hp\Downloads\archive\For Training\Cropped\Croppedmicrograph545.png,True
micrograph65.png,800,90,M,Q,98x,network,Croppedmicrograph65.png,C:\Users\hp\Downloads\archive\For Training\Cropped\Croppedmicrograph65.png,True
micrograph816.png,1000,5,M,Q,344x,spheroidite+widmanstatten,Croppedmicrograph816.png,C:\Users\hp\Downloads\archive\For Training\Cropped\Croppedmicrograph816.png,True
micrograph1127.png,800,3,H,Q,4910X,spheroidite,Croppedmicrograph1127.png,C:\Users\hp\Downloads\archive\For Training\Cropped\Croppedmicrograph1127.png,True
micrograph306.png,700,5,M,Q,98X,network,Croppedmicrograph306.png,C:\Users\hp\Downloads\archive\For Training\Cropped\Croppedmicrograph306.png,True
micrograph1217.png,970,3,H,Q,98x,network,Croppedmicrograph1217.png,C:\Users\hp\Downloads\archive\For Training\Cropped\Croppedmicrograph1217.png,True
micrograph435.png,970,3,H,Q,1964X,spheroidite,Croppedmicrograph435.png,C:\Users\hp\Downloads\archive\For Training\Cropped\Croppedmicrograph435.png,True
micrograph1210.png,970,3,H,Q,98X,network,Croppedmicrograph1210.png,C:\Users\hp\Downloads\archive\For Training\Cropped\Croppedmicrograph1210.png,True
micrograph406.png,970,90,M,Q,3437X,spheroidite,Croppedmicrograph406.png,C:\Users\hp\Downloads\archive\For Training\Cropped\Croppedmicrograph406.png,True
micrograph354.png,970,90,M,Q,491x,spheroidite+widmanstatten,Croppedmicrograph354.png,C:\Users\hp\Downloads\archive\For Training\Cropped\Croppedmicrograph354.png,True
micrograph95.png,900,90,M,Q,118x,network,Croppedmicrograph95.png,C:\Users\hp\Downloads\archive\For Training\Cropped\Croppedmicrograph95.png,True
micrograph1640.png,970,90,M,FC,1473X,spheroidite,Croppedmicrograph1640.png,C:\Users\hp\Downloads\archive\For Training\Cropped\Croppedmicrograph1640.png,True
micrograph90.png,970,24,H,Q,982x,spheroidite,Croppedmicrograph90.png,C:\Users\hp\Downloads\archive\For Training\Cropped\Croppedmicrograph90.png,True
micrograph1096.png,800,24,H,Q,,spheroidite,Croppedmicrograph1096.png,C:\Users\hp\Downloads\archive\For Training\Cropped\Croppedmicrograph1096.png,True
micrograph1022.png,970,90,M,Q,1964X,spheroidite,Croppedmicrograph1022.png,C:\Users\hp\Downloads\archive\For Training\Cropped\Croppedmicrograph1022.png,True
micrograph1543.png,970,5,M,FC,19641X,spheroidite,Croppedmicrograph1543.png,C:\Users\hp\Downloads\archive\For Training\Cropped\Croppedmicrograph1543.png,True
micrograph889.png,970,24,H,Q,786x,spheroidite,Croppedmicrograph889.png,C:\Users\hp\Downloads\archive\For Training\Cropped\Croppedmicrograph889.png,True
micrograph363.png,970,24,H,Q,786x,spheroidite,Croppedmicrograph363.png,C:\Users\hp\Downloads\archive\For Training\Cropped\Croppedmicrograph363.png,True
micrograph1474.png,970,90,M,Q,3437X,spheroidite,Croppedmicrograph1474.png,C:\Users\hp\Downloads\archive\For Training\Cropped\Croppedmicrograph1474.png,True
micrograph88.png,970,24,H,Q,118x,network,Croppedmicrograph88.png,C:\Users\hp\Downloads\archive\For Training\Cropped\Croppedmicrograph88.png,True
micrograph1262.png,1000,5,M,Q,,spheroidite,Croppedmicrograph1262.png,C:\Users\hp\Downloads\archive\For Training\Cropped\Croppedmicrograph1262.png,True
micrograph1063.png,900,5,M,Q,1964X,spheroidite+widmanstatten,Croppedmicrograph1063.png,C:\Users\hp\Downloads\archive\For Training\Cropped\Croppedmicrograph1063.png,True
micrograph933.png,800,3,H,Q,1964X,spheroidite,Croppedmicrograph933.png,C:\Users\hp\Downloads\archive\For Training\Cropped\Croppedmicrograph933.png,True
micrograph1057.png,970,5,M,FC,4910X,spheroidite+widmanstatten,Croppedmicrograph1057.png,C:\Users\hp\Downloads\archive\For Training\Cropped\Croppedmicrograph1057.png,True
micrograph1185.png,970,90,M,Q,982x,spheroidite,Croppedmicrograph1185.png,C:\Users\hp\Downloads\archive\For Training\Cropped\Croppedmicrograph1185.png,True
micrograph1412.png,970,24,H,Q,98x,network,Croppedmicrograph1412.png,C:\Users\hp\Downloads\archive\For Training\Cropped\Croppedmicrograph1412.png,True
micrograph890.png,970,5,M,FC,2455X,spheroidite+widmanstatten,Croppedmicrograph890.png,C:\Users\hp\Downloads\archive\For Training\Cropped\Croppedmicrograph890.png,True
micrograph1407.png,970,90,M,Q,4910X,spheroidite,Croppedmicrograph1407.png,C:\Users\hp\Downloads\archive\For Training\Cropped\Croppedmicrograph1407.png,True
